ID	PTM	Sequence	Position	Score	Prediction	Confidence
O04138	Kac	PCQPGKKYYGR	179	0.09103870391845703	Yes	Not modified
O04138	Kac	CQPGKKYYGRG	180	0.09697534143924713	Yes	Not modified
O04138	Kac	YGPAGKNIGFD	200	0.09186182171106339	Yes	Not modified
O04138	Kac	RVNYYKDYCRQ	269	0.09700387716293335	Yes	Not modified
O04138	Kcr	GMAGRKAGAGA	75	0.15447603166103363	Yes	Low
O04138	Kcr	NGCAGKSFYTR	107	0.14611214399337769	Yes	Not modified
O04138	Kcr	TNDDSKREIAA	135	0.1518699675798416	Yes	Low
O04138	Kcr	YGPAGKNIGFD	200	0.23568987846374512	Yes	Medium
O04138	Kcr	LRDPDKVAQDP	212	0.23141978681087494	Yes	Medium
O04138	Kcr	LECNGKNPGAV	256	0.17092257738113403	Yes	Low
O04138	Kcr	RVNYYKDYCRQ	269	0.23481594026088715	Yes	Medium
O04138	Khib	GMAGRKAGAGA	75	0.3768354654312134	Yes	Medium
O04138	Khib	NGCAGKSFYTR	107	0.3756957948207855	Yes	Medium
O04138	Khib	TNDDSKREIAA	135	0.37708738446235657	Yes	Medium
O04138	Khib	MDYCDKSNKQW	168	0.37308382987976074	Yes	Medium
O04138	Khib	YGPAGKNIGFD	200	0.3763493299484253	Yes	Medium
O04138	Khib	LRDPDKVAQDP	212	0.37686872482299805	Yes	Medium
O04138	Khib	LECNGKNPGAV	256	0.37015238404273987	Yes	Medium
O04138	Khib	RVNYYKDYCRQ	269	0.3768354654312134	Yes	Medium
O04138	Kmal	GMAGRKAGAGA	75	0.1840875744819641	Yes	Medium
O04138	Kmal	FFNGIKNQAPN	97	0.09386904537677765	Yes	Not modified
O04138	Kmal	NGCAGKSFYTR	107	0.18667839467525482	Yes	Medium
O04138	Kmal	TNDDSKREIAA	135	0.13000789284706116	Yes	Low
O04138	Kmal	MDYCDKSNKQW	168	0.178401380777359	Yes	Medium
O04138	Kmal	CDKSNKQWPCQ	171	0.16386650502681732	Yes	Medium
O04138	Kmal	PCQPGKKYYGR	179	0.13115400075912476	Yes	Low
O04138	Kmal	CQPGKKYYGRG	180	0.15453502535820007	Yes	Medium
O04138	Kmal	YGPAGKNIGFD	200	0.18764281272888184	Yes	Medium
O04138	Kmal	LRDPDKVAQDP	212	0.1888730376958847	Yes	Medium
O04138	Kmal	PTISFKTALWF	222	0.15759719908237457	Yes	Medium
O04138	Kmal	LECNGKNPGAV	256	0.18294721841812134	Yes	Medium
O04138	Kmal	RVNYYKDYCRQ	269	0.18967506289482117	Yes	Medium
O04138	Ksucc	GMAGRKAGAGA	75	0.23093168437480927	Yes	Medium
O04138	Ksucc	NGCAGKSFYTR	107	0.23073816299438477	Yes	Medium
O04138	Ksucc	TNDDSKREIAA	135	0.1918022185564041	Yes	Not modified
O04138	Ksucc	MDYCDKSNKQW	168	0.2306663990020752	Yes	Medium
O04138	Ksucc	PCQPGKKYYGR	179	0.22123807668685913	Yes	Low
O04138	Ksucc	CQPGKKYYGRG	180	0.22703403234481812	Yes	Low
O04138	Ksucc	YGPAGKNIGFD	200	0.23091855645179749	Yes	Medium
O04138	Ksucc	LRDPDKVAQDP	212	0.22540628910064697	Yes	Low
O04138	Ksucc	LECNGKNPGAV	256	0.2301444262266159	Yes	Medium
O04138	Ksucc	RVNYYKDYCRQ	269	0.23099282383918762	Yes	Medium
O04138	Kla	GMAGRKAGAGA	75	0.23316891491413116	Yes	High
O04138	Kla	NGCAGKSFYTR	107	0.1546914279460907	Yes	Low
O04138	Kla	CQPGKKYYGRG	180	0.13287431001663208	Yes	Not modified
O04138	Kla	YGPAGKNIGFD	200	0.23316891491413116	Yes	High
O04138	Kla	LRDPDKVAQDP	212	0.14516153931617737	Yes	Low
O04138	Kla	LECNGKNPGAV	256	0.2303219735622406	Yes	High
O04138	Kla	RVNYYKDYCRQ	269	0.18334287405014038	Yes	Medium
